{"cameraMode":{"drawMode":0,"name":"Shaded","section":"Shading Mode"},"sceneLighting":false,"audioPlay":false,"sceneViewState":{"showFog":true,"showMaterialUpdate":false,"showSkybox":false,"showFlares":true,"showImageEffects":true,"showParticleSystems":true},"in2DMode":false,"pivot":{"x":-0.08611583709716797,"y":-0.15435314178466798,"z":-1.3876101970672608},"rotation":{"x":0.49579185247421267,"y":-0.3760775029659271,"z":0.2515330910682678,"w":0.7412785291671753},"size":20.92848014831543,"orthographic":true}